abbrev,smi
1-methylhistamine,CN1C=NC(CCN)=C1
alanine,C[C@H](N)C(O)=O
aminoisobutyric acid,CC(C)(N)C(O)=O
choline,C[N+](C)(C)CCO
hypoxanthine,OC1=NC=NC2=C1NC=N2
isoleucine/leucine,CC[C@H](C)[C@H](N)C(O)=O
inosine,OC[C@H]1O[C@H]([C@H](O)[C@@H]1O)N1C=NC2=C(O)N=CN=C12
malonic acid,OC(=O)CC(O)=O
proline,OC(=O)[C@H]1CCCN1
serine,N[C@@H](CO)C(O)=O
threonine,C[C@@H](O)[C@H](N)C(O)=O
trimethylamine N-oxide,C[N+](C)(C)[O-]
xanthine,O=C1NC2=C(NC=N2)C(=O)N1
CE(18:1),[C@]12(CC=C3C[C@@H](OC(=O)CCCCCCC/C=C\CCCCCCCC)CC[C@]3(C)[C@@]1([H])CC[C@]1(C)[C@@]([H])([C@@](C)([H])CCCC(C)C)CC[C@@]21[H])[H]
CE(18:2),[C@]12(CC=C3C[C@@H](OC(=O)CCCCCCC/C=C\C/C=C\CCCCC)CC[C@]3(C)[C@@]1([H])CC[C@]1(C)[C@@]([H])([C@@](C)([H])CCCC(C)C)CC[C@@]21[H])[H]
CE(18:3),[C@]12(CC=C3C[C@@H](OC(=O)CCCCCCC/C=C\C/C=C\C/C=C\CC)CC[C@]3(C)[C@@]1([H])CC[C@]1(C)[C@@]([H])([C@@](C)([H])CCCC(C)C)CC[C@@]21[H])[H]
Cer(d18:1_24:0),[C@](CO)([H])(NC(CCCCCCCCCCCCCCCCCCCCCCC)=O)[C@]([H])(O)/C=C/CCCCCCCCCCCCC
DG(16:0_18:2_0:0),OC[C@]([H])(OC(CCCCCCC/C=C\C/C=C\CCCCC)=O)COC(CCCCCCCCCCCCCCC)=O
DG(18:1_0:0_18:1),OC[C@]([H])(OC(CCCCCCC/C=C\CCCCCCCC)=O)COC(CCCCCCC/C=C\CCCCCCCC)=O
DG(18:1_18:2_0:0),OC[C@]([H])(OC(CCCCCCC/C=C\C/C=C\CCCCC)=O)COC(CCCCCCC/C=C\CCCCCCCC)=O
DG(18:2_0:0_18:2),OC[C@]([H])(OC(CCCCCCC/C=C\C/C=C\CCCCC)=O)COC(CCCCCCC/C=C\C/C=C\CCCCC)=O
MG(18:2_0:0_0:0),OCC([H])(O)COC(CCCCCCC/C=C\C/C=C\CCCCC)=O
PC(0:0_16:0)_B,[C@](COP(=O)([O-])OCC[N+](C)(C)C)([H])(O)COC(CCCCCCCCCCCCCCC)=O
PC(0:0_18:0)_A,[C@](COP(=O)([O-])OCC[N+](C)(C)C)([H])(O)COC(CCCCCCCCCCCCCCCCC)=O
PC(0:0_18:0)_B,[C@](COP(=O)([O-])OCC[N+](C)(C)C)([H])(OC(CCCCCCCCCCCCCCCCC)=O)CO
PC(0:0_18:1)_A,[C@](COP(=O)([O-])OCC[N+](C)(C)C)([H])(O)COC(CCCCCCC/C=C\CCCCCCCC)=O
PC(0:0_18:1)_B,[C@](COP(=O)([O-])OCC[N+](C)(C)C)([H])(OC(CCCC/C=C\CCCCCCCCCCC)=O)CO
PC(0:0_20:4),[C@](COP(=O)([O-])OCC[N+](C)(C)C)([H])(OC(CCC/C=C\C/C=C\C/C=C\C/C=C\CCCCC)=O)CO
PC(14:0_20:4),[C@](COP(=O)([O-])OCC[N+](C)(C)C)([H])(OC(CCCCCCCCCCCCC)=O)COC(CCCCCC/C=C\C/C=C\C/C=C\C/C=C\CC)=O
PC(15:0_0:0),[C@](COP(=O)([O-])OCC[N+](C)(C)C)([H])(O)COC(CCCCCCCCCCCCCC)=O
PC(15:0_16:0),[C@](COP(=O)([O-])OCC[N+](C)(C)C)([H])(OC(CCCCCCCCCCCCCC)=O)COC(CCCCCCCCCCCCCCC)=O
PC(15:0_18:2),[C@](COP(=O)([O-])OCC[N+](C)(C)C)([H])(OC(CCCCCCC/C=C\C/C=C\CCCCC)=O)COC(CCCCCCCCCCCCCC)=O
PC(15:0_20:3),[C@](COP(=O)([O-])OCC[N+](C)(C)C)([H])(OC(CCCCCCCCCCCCCC)=O)COC(CCCCCC/C=C\C/C=C\C/C=C\CCCCC)=O
PC(15:0_20:4),[C@](COP(=O)([O-])OCC[N+](C)(C)C)([H])(OC(CCCCCCCCCCCCCC)=O)COC(CCC/C=C\C/C=C\C/C=C\C/C=C\CCCCC)=O
PC(15:0_20:5),[C@](COP(=O)([O-])OCC[N+](C)(C)C)([H])(OC(CCC/C=C\C/C=C\C/C=C\C/C=C\C/C=C\CC)=O)COC(CCCCCCCCCCCCCC)=O
PC(15:0_22:6),[C@](COP(=O)([O-])OCC[N+](C)(C)C)([H])(OC(CC/C=C\C/C=C\C/C=C\C/C=C\C/C=C\C/C=C\CC)=O)COC(CCCCCCCCCCCCCC)=O
PC(16:0_16:0)_B,[C@](COP(=O)([O-])OCC[N+](C)(C)C)([H])(OC(CCCCCCCCCCCCC)=O)COC(CCCCCCCCCCCCCCCCC)=O
PC(16:0_16:1),[C@](COP(=O)([O-])OCC[N+](C)(C)C)([H])(OC(CCCCCCC/C=C\CCCCCC)=O)COC(CCCCCCCCCCCCCCC)=O
PC(16:0_17:0)_A,[C@](COP(=O)([O-])OCC[N+](C)(C)C)([H])(OC(CCCCCCCCCCCCCCCC)=O)COC(CCCCCCCCCCCCCCC)=O
PC(16:0_17:1);PC(15:0_18:1),[C@](COP(=O)([O-])OCC[N+](C)(C)C)([H])(OC(CCCCCCC/C=C\CCCCCCC)=O)COC(CCCCCCCCCCCCCCC)=O
PC(16:0_18:0),[C@](COP(=O)([O-])OCC[N+](C)(C)C)([H])(OC(CCCCCCCCCCCCCCCCC)=O)COC(CCCCCCCCCCCCCCC)=O
PC(16:0_18:1),[C@](COP(=O)([O-])OCC[N+](C)(C)C)([H])(OC(CCCCCCCCC/C=C\CCCCCC)=O)COC(CCCCCCCCCCCCCCC)=O
PC(16:0_18:2)_A,[C@](COP(=O)([O-])OCC[N+](C)(C)C)([H])(OC(CCCCCC/C=C/C=C\CCCCCCC)=O)COC(CCCCCCCCCCCCCCC)=O
PC(16:0_18:2)_B,[C@](COP(=O)([O-])OCC[N+](C)(C)C)([H])(OC(CCCCCCCC/C=C/C=C\CCCCC)=O)COC(CCCCCCCCCCCCCCC)=O
PC(16:0_18:3)_A,[C@](COP(=O)([O-])OCC[N+](C)(C)C)([H])(OC(CCCCC/C=C\C/C=C\C/C=C\CCCC)=O)COC(CCCCCCCCCCCCCCC)=O
PC(16:0_20:1);PC(18:0_18:1),[C@](COP(=O)([O-])OCC[N+](C)(C)C)([H])(OC(CCCCCCCCCCCCCCC)=O)COC(CCCCCCCCC/C=C\CCCCCCCC)=O
PC(16:0_20:3)_A,[C@](COP(=O)([O-])OCC[N+](C)(C)C)([H])(OC(CCCCC/C=C\C/C=C\C/C=C\CCCCCC)=O)COC(CCCCCCCCCCCCCCC)=O
PC(16:0_20:3)_B,[C@](COP(=O)([O-])OCC[N+](C)(C)C)([H])(OC(CCC/C=C\C/C=C\C/C=C\CCCCCCCC)=O)COC(CCCCCCCCCCCCCCC)=O
PC(16:0_20:4)_B,[C@](COP(=O)([O-])OCC[N+](C)(C)C)([H])(OC(CC/C=C\C/C=C\C/C=C\C/C=C\CCCCCC)=O)COC(CCCCCCCCCCCCCCC)=O
PC(16:0_20:5),[C@](COP(=O)([O-])OCC[N+](C)(C)C)([H])(OC(CCCCCCCCCCCCCCC)=O)COC(CCC/C=C\C/C=C\C/C=C\C/C=C\C/C=C\CC)=O
PC(16:0_22:4);PC(18:1_20:3)_B,[C@](COP(=O)([O-])OCC[N+](C)(C)C)([H])(OC(CCCCC/C=C\C/C=C\C/C=C\C/C=C\CCCCC)=O)COC(CCCCCCCCCCCCCCC)=O
PC(16:0_22:5);PC(18:0_20:5),[C@](COP(=O)([O-])OCC[N+](C)(C)C)([H])(OC(CCCCCCCCCCCCCCCCC)=O)COC(CCC/C=C\C/C=C\C/C=C\C/C=C\C/C=C\CC)=O
PC(16:0_22:5);PC(18:1_20:4)_A,[C@](COP(=O)([O-])OCC[N+](C)(C)C)([H])(OC(CCCCC/C=C\C/C=C\C/C=C\C/C=C\C/C=C\CC)=O)COC(CCCCCCCCCCCCCCC)=O
PC(16:0_22:6),[C@](COP(=O)([O-])OCC[N+](C)(C)C)([H])(OC(CCCCCCCCCCCCCCC)=O)COC(CC/C=C\C/C=C\C/C=C\C/C=C\C/C=C\C/C=C\CC)=O
PC(16:0_O-16:0),[C@](COP(=O)([O-])OCC[N+](C)(C)C)([H])(OC(CCCCCCCCCCCCCCC)=O)COCCCCCCCCCCCCCCCC
PC(16:1_0:0),[C@](COP(=O)([O-])OCC[N+](C)(C)C)([H])(O)COC(CCCCCCC/C=C/CCCCCC)=O
PC(16:1_18:1),[C@](COP(=O)([O-])OCC[N+](C)(C)C)([H])(OC(CCCCCCCCC/C=C\CCCCCC)=O)COC(CCCCCCC/C=C\CCCCCC)=O
PC(16:1_18:2),[C@](COP(=O)([O-])OCC[N+](C)(C)C)([H])(OC(CCCCCCC/C=C\C/C=C\CCCCC)=O)COC(CCCCCCC/C=C\CCCCCC)=O
PC(16:1_20:4),[C@](COP(=O)([O-])OCC[N+](C)(C)C)([H])(OC(CCC/C=C\C/C=C\C/C=C\C/C=C\CCCCC)=O)COC(CCCCC/C=C\CCCCCCCC)=O
PC(16:1_22:5),[C@](COP(=O)([O-])OCC[N+](C)(C)C)([H])(OC(CC/C=C\C/C=C\C/C=C\C/C=C\C/C=C\CCCCC)=O)COC(CCCCCCC/C=C\CCCCCC)=O
PC(16:1_22:6),[C@](COP(=O)([O-])OCC[N+](C)(C)C)([H])(OC(CC/C=C\C/C=C\C/C=C\C/C=C\C/C=C\C/C=C\CC)=O)COC(CCCCC/C=C\CCCCCCCC)=O
PC(17:0_18:1)_B;PC(16:0_19:1),[C@](COP(=O)([O-])OCC[N+](C)(C)C)([H])(OC(CCCCCCCCCCCCCCCC)=O)COC(CCCCCCC/C=C\CCCCCCCC)=O
PC(17:0_18:2),[C@](COP(=O)([O-])OCC[N+](C)(C)C)([H])(OC(CCCCCCCCCCCCCCCC)=O)COC(CCCCCCC/C=C\C/C=C\CCCCC)=O
PC(17:0_20:3)_A,[C@](COP(=O)([O-])OCC[N+](C)(C)C)([H])(OC(CCCC/C=C\C/C=C\C/C=C\CCCCCCC)=O)COC(CCCCCCCCCCCCCCCC)=O
PC(17:0_20:3)_B,[C@](COP(=O)([O-])OCC[N+](C)(C)C)([H])(OC(CCCCCC/C=C\C/C=C\C/C=C\CCCCC)=O)COC(CCCCCCCCCCCCCCCC)=O
PC(17:0_20:4)_A,[C@](COP(=O)([O-])OCC[N+](C)(C)C)([H])(OC(CCCCC/C=C\C/C=C\C/C=C\C/C=C\CCC)=O)COC(CCCCCCCCCCCCCCCC)=O
PC(17:0_20:4)_B,[C@](COP(=O)([O-])OCC[N+](C)(C)C)([H])(OC(CCC/C=C\C/C=C\C/C=C\C/C=C\CCCCC)=O)COC(CCCCCCCCCCCCCCCC)=O
PC(17:0_20:5),[C@](COP(=O)([O-])OCC[N+](C)(C)C)([H])(OC(CC/C=C\C/C=C\C/C=C\C/C=C\C/C=C\CCC)=O)COC(CCCCCCCCCCCCCCCC)=O
PC(17:0_22:5),[C@](COP(=O)([O-])OCC[N+](C)(C)C)([H])(OC(CCCCC/C=C\C/C=C\C/C=C\C/C=C\C/C=C\CC)=O)COC(CCCCCCCCCCCCCCCC)=O
PC(17:0_22:6),[C@](COP(=O)([O-])OCC[N+](C)(C)C)([H])(OC(CCCCCCCCCCCCCCCC)=O)COC(CC/C=C\C/C=C\C/C=C\C/C=C\C/C=C\C/C=C\CC)=O
PC(18:0_18:2);PC(18:1_18:1)_B,[C@](COP(=O)([O-])OCC[N+](C)(C)C)([H])(OC(CCCCCCCCCCCCCCCCC)=O)COC(CCCCCCC/C=C\C/C=C\CCCCC)=O
PC(18:0_20:2),[C@](COP(=O)([O-])OCC[N+](C)(C)C)([H])(OC(CCCCCCCCCCCCCCCCCCC)=O)COC(CCCCC/C=C\C/C=C\CCCCCCC)=O
PC(18:0_20:3)_A,[C@](COP(=O)([O-])OCC[N+](C)(C)C)([H])(OC(CCCCC/C=C\C/C=C\CCCC/C=C\CCC)=O)COC(CCCCCCCCCCCCCCCCC)=O
PC(18:0_20:3)_B,[C@](COP(=O)([O-])OCC[N+](C)(C)C)([H])(OC(CCC/C=C\C/C=C\CCCC/C=C\CCCCC)=O)COC(CCCCCCCCCCCCCCCCC)=O
PC(18:0_20:4),[C@](COP(=O)([O-])OCC[N+](C)(C)C)([H])(OC(CCCCCC/C=C\C/C=C\C/C=C\C/C=C\CC)=O)COC(CCCCCCCCCCCCCCCCC)=O
PC(18:0_22:4),[C@](COP(=O)([O-])OCC[N+](C)(C)C)([H])(OC(CCCCCCCCCCCCCCCCC)=O)COC(CCCCC/C=C\C/C=C\C/C=C\C/C=C\CCCCC)=O
PC(18:0_22:5)_A,[C@](COP(=O)([O-])OCC[N+](C)(C)C)([H])(OC(CCC/C=C\C/C=C\C/C=C\C/C=C\C/C=C\CCCC)=O)COC(CCCCCCCCCCCCCCCCC)=O
PC(18:0_22:5)_B,[C@](COP(=O)([O-])OCC[N+](C)(C)C)([H])(OC(CCCCC/C=C\C/C=C\C/C=C\C/C=C\C/C=C\CC)=O)COC(CCCCCCCCCCCCCCCCC)=O
PC(18:0_22:6),[C@](COP(=O)([O-])OCC[N+](C)(C)C)([H])(OC(CCCCC/C=C\C=C/C=C\C=C/C=C\C=C\CCCC)=O)COC(CCCCCCCCCCCCCCCCC)=O
PC(18:1_18:1)_A,[C@](COP(=O)([O-])OCC[N+](C)(C)C)([H])(OC(CCCCCCC/C=C\CCCCCCCC)=O)COC(CCCCCCCCC/C=C\CCCCCC)=O
PC(18:1_18:2),[C@](COP(=O)([O-])OCC[N+](C)(C)C)([H])(OC(CCCCCCC/C=C\C/C=C\CCCCC)=O)COC(CCCCCCCCC/C=C\CCCCCC)=O
PC(18:1_20:3)_A,[C@](COP(=O)([O-])OCC[N+](C)(C)C)([H])(OC(CCCCCCCCC/C=C\CCCCCC)=O)COC(CCC/C=C\C/C=C\C/C=C\CCCCCCCC)=O
PC(18:1_20:4)_B,[C@](COP(=O)([O-])OCC[N+](C)(C)C)([H])(OC(CCC/C=C\C/C=C\C/C=C\C/C=C\CCCCC)=O)COC(CCCCCCCCC/C=C\CCCCCC)=O
PC(18:1_20:5),[C@](COP(=O)([O-])OCC[N+](C)(C)C)([H])(OC(CCC/C=C\C/C=C\C/C=C\C/C=C\C/C=C\CC)=O)COC(CCCCCCCCC/C=C\CCCCCC)=O
PC(18:1_22:6),[C@](COP(=O)([O-])OCC[N+](C)(C)C)([H])(OC(CC/C=C\C/C=C\C/C=C\C/C=C\C/C=C\C/C=C\CC)=O)COC(CCCCCCCCC/C=C\CCCCCC)=O
PC(18:2_0:0)_A,[C@](COP(=O)([O-])OCC[N+](C)(C)C)([H])(O)COC(/C=C/C=C/CCCCCCCCCCCCC)=O
PC(18:2_0:0)_B,[C@](COP(=O)([O-])OCC[N+](C)(C)C)([H])(O)COC(CCCCCCC/C=C\C/C=C\CCCCC)=O
PC(18:2_22:5);PC(20:3_20:4)_A,[C@](COP(=O)([O-])OCC[N+](C)(C)C)([H])(OC(CC/C=C\C/C=C\C/C=C\C/C=C\C/C=C\CCCCC)=O)COC(CCCCCCC/C=C\C/C=C\CCCCC)=O
PC(18:3_0:0),[C@](COP(=O)([O-])OCC[N+](C)(C)C)([H])(O)COC(CCCCCCC/C=C\C/C=C\C/C=C\CC)=O
PC(19:0_20:4),[C@](COP(=O)([O-])OCC[N+](C)(C)C)([H])(OC(CCCCCCCCCCCCCCCCCC)=O)COC(CCC/C=C\C/C=C\C/C=C\C/C=C\CCCCC)=O
PC(20:0_20:4),[C@](COP(=O)([O-])OCC[N+](C)(C)C)([H])(OC(CCCCC/C=C\C/C=C\C/C=C\C/C=C\CCC)=O)COC(CCCCCCCCCCCCCCCCCCC)=O
PC(20:2_0:0),[C@](COP(=O)([O-])OCC[N+](C)(C)C)([H])(O)COC(CCCCCCC/C=C\C/C=C\CCCCCCC)=O
PC(20:2_20:4);PC(18:1_22:5),[C@](COP(=O)([O-])OCC[N+](C)(C)C)([H])(OC(CCC/C=C\C/C=C\C/C=C\C/C=C\C/C=C\CCCC)=O)COC(CCCCCCC/C=C\CCCCCCCC)=O
PC(20:3_0:0),[C@](COP(=O)([O-])OCC[N+](C)(C)C)([H])(O)COC(CCCCCCC/C=C\C/C=C\C/C=C\CCCC)=O
PC(20:4_20:4),[C@](COP(=O)([O-])OCC[N+](C)(C)C)([H])(OC(CCC/C=C\C/C=C\C/C=C\C/C=C\CCCCC)=O)COC(CCC/C=C\C/C=C\C/C=C\C/C=C\CCCCC)=O
PC(20:4_P-18:1),[C@](COP(=O)([O-])OCC[N+](C)(C)C)([H])(OC(CCC/C=C\C/C=C\C/C=C\C/C=C\CCCCC)=O)CO/C=C\CCCCCCCC/C=C\CCCCCC
PC(20:5_0:0),[C@](COP(=O)([O-])OCC[N+](C)(C)C)([H])(O)COC(CCC/C=C\C/C=C\C/C=C\C/C=C\C/C=C\CC)=O
PC(22:4_0:0),[C@](COP(=O)([O-])OCC[N+](C)(C)C)([H])(O)COC(CCCCC/C=C\C/C=C\C/C=C\C/C=C\CCCCC)=O
PE(16:0_20:4),[C@](COP(=O)(O)OCCN)([H])(OC(CCC/C=C\C/C=C\C/C=C\C/C=C\CCCCC)=O)COC(CCCCCCCCCCCCCCC)=O
PE(16:0_20:5),[C@](COP(=O)(O)OCCN)([H])(OC(CCC/C=C\C/C=C\C/C=C\C/C=C\C/C=C\CC)=O)COC(CCCCCCCCCCCCCCC)=O
PE(16:0_22:5)_A;PE(18:1_20:4),[C@](COP(=O)(O)OCCN)([H])(OC(CCC/C=C\C/C=C\C/C=C\C/C=C\CCCCC)=O)COC(CCCCC/C=C\CCCCCCCCCC)=O
PE(16:0_22:6),[C@](COP(=O)(O)OCCN)([H])(OC(CC/C=C\C/C=C\C/C=C\C/C=C\C/C=C\C/C=C\CC)=O)COC(CCCCCCCCCCCCCCC)=O
PE(18:1_22:6),[C@](COP(=O)(O)OCCN)([H])(OC(CC/C=C\C/C=C\C/C=C\C/C=C\C/C=C\C/C=C\CC)=O)COC(CCCCCCC/C=C\CCCCCCCC)=O
PE(18:2_0:0)_A,[C@](COP(=O)(O)OCCN)([H])(O)COC(CCCCC/C=C\C/C=C\CCCCCCC)=O
PE(18:2_0:0)_B,[C@](COP(=O)(O)OCCN)([H])(O)COC(CCCCCCC/C=C\C/C=C\CCCCC)=O
PE(20:3_0:0),[C@](COP(=O)(O)OCCN)([H])(O)COC(CCC/C=C\C/C=C\C/C=C\CCCCCCCC)=O
PE(20:4_0:0),[C@](COP(=O)(O)OCCN)([H])(O)COC(CCC/C=C\C/C=C\C/C=C\C/C=C\CCCCC)=O
PE(20:5_0:0),[C@](COP(=O)(O)OCCN)([H])(O)COC(CCC/C=C\C/C=C\C/C=C\C/C=C\C/C=C\CC)=O
PE(22:6_0:0),[C@](COP(=O)(O)OCCN)([H])(O)COC(CC/C=C\C/C=C\C/C=C\C/C=C\C/C=C\C/C=C\CC)=O
SM(d18:1_16:0)_B,[C@](COP(=O)([O-])OCC[N+](C)(C)C)([H])(NC(CCCCCCCCCCCCCCC)=O)[C@]([H])(O)/C=C/CCCCCCCCCCCCC
SM(d18:2_23:0),[C@](COP(=O)([O-])OCC[N+](C)(C)C)([H])(NC(CCCCCCCCCCCCCCCCCCCCCC)=O)[C@]([H])(O)/C=C/CCCCCCCC/C=C\CCC
SM(d18:2_24:0),[C@](COP(=O)([O-])OCC[N+](C)(C)C)([H])(NC(CCCCCCCCCCCCCCCCCCCCCCC)=O)[C@]([H])(O)/C=C/CCCCCCCC/C=C\CCC
SM(d19:1_24:1),[C@](COP(=O)([O-])OCC[N+](C)(C)C)([H])(NC(CCCCCCCCCCCCC/C=C\CCCCCCCC)=O)[C@]([H])(O)/C=C/CCCCCCCCCCCCCC
SM(d35:1),[C@](COP(=O)([O-])OCC[N+](C)(C)C)([H])(NC(CCCCCCCCCCCCCCCC)=O)[C@]([H])(O)/C=C/CCCCCCCCCCCCC
TG(42:0),C(OC(=O)CCCCCCCCCCCCC)[C@]([H])(OC(CCCCCCCCCCCCC)=O)COC(CCCCCCCCCCCCC)=O
TG(42:1),C(OC(=O)CCCCCCC/C=C\CCCCCCCC)[C@]([H])(OC(CCCCCCCCCCC)=O)COC(CCCCCCCCCCC)=O
TG(44:1),C(OC(=O)CCCCCCCCC/C=C\CCCCCCCC)[C@]([H])(OC(CCCCCCCCCCC)=O)COC(CCCCCCCCCCC)=O
TG(46:1),C(OC(=O)CCCCCCCCC/C=C\CCCCCCCCCC)[C@]([H])(OC(CCCCCCCCCCC)=O)COC(CCCCCCCCCCC)=O
TG(46:2),"C(OC(=O)CCCCCCCCCCCCCCC)[C@]([H])(OC(CCCCCCC/C=C\CCCCC)=O)COC(CCCCCCC/C=C\CCCCC)=O
"
TG(48:1),C(OC(=O)CCCCCCCCCCCCCCCCCC)[C@]([H])(OC(CCCCCCC/C=C\CCCCCCC)=O)COC(CCCCCCCCCCC)=O
TG(48:2),C(OC(=O)CCCCCCCCCCCCCCCCC)[C@]([H])(OC(CCCCCCC/C=C\CCCCC)=O)COC(CCCCCCC/C=C\CCCCC)=O
TG(48:3),C(OC(=O)CCCCCCC/C=C\CCCCCC)[C@]([H])(OC(CCCCCCC/C=C\CCCCCC)=O)COC(CCCCCCC/C=C\CCCCCC)=O
TG(48:4),C(OC(=O)CCCCCCC/C=C\C/C=C\CCCCC)[C@]([H])(OC(CCCCCCC/C=C\CCCCC)=O)COC(CCCCCCC/C=C\CCCCC)=O
TG(49:1),C(OC(=O)CCCCCCCCCCCCCCCCCC)[C@]([H])(OC(CCCCCCC/C=C\CCCCCCCC)=O)COC(CCCCCCCCCCC)=O
TG(49:2),C(OC(=O)CCCCCCCCCCCCCCCC)[C@]([H])(OC(CCCCCCC/C=C\CCCCCC)=O)COC(CCCCCCC/C=C\CCCCCC)=O
TG(50:1),C(OC(=O)CCCCCCCCCCCCCCCCCCCC)[C@]([H])(OC(CCCCCCC/C=C\CCCCCCC)=O)COC(CCCCCCCCCCC)=O
TG(50:2),C(OC(=O)CCCCCCCCCCCCCCCCCCC)[C@]([H])(OC(CCCCCCC/C=C\C/C=C\CCCCC)=O)COC(CCCCCCCCCCC)=O
TG(50:3),C(OC(=O)CCCCCCC/C=C\CCCCCCCC)[C@]([H])(OC(CCCCCCC/C=C\CCCCCC)=O)COC(CCCCCCC/C=C\CCCCCC)=O
TG(50:4),C(OC(=O)CCCCCCC/C=C\C/C=C\CCCCC)[C@]([H])(OC(CCCCCCC/C=C\C/C=C\CCCCC)=O)COC(CCCCCCCCCCCCC)=O
TG(50:5),C(OC(=O)CCCC/C=C\C/C=C\C/C=C\CCCCC)[C@]([H])(OC(CCCCCCC/C=C\CCCCCC)=O)COC(CCCCCCC/C=C\CCCCCC)=O
TG(51:1),C(OC(=O)CCCCCCCCCCCCCCCCCCCC)[C@]([H])(OC(CCCCCCC/C=C\CCCCCCCC)=O)COC(CCCCCCCCCCC)=O
TG(51:2),C(OC(=O)CCCCCCCCCCCCCCCCCC)[C@]([H])(OC(CCCCCCC/C=C\CCCCCC)=O)COC(CCCCCCC/C=C\CCCCCC)=O
TG(51:3),C(OC(=O)CCCCCCC/C=C\CCCCCCC)[C@]([H])(OC(CCCCCCC/C=C\CCCCCCC)=O)COC(CCCCCCC/C=C\CCCCCCC)=O
TG(51:4),C(OC(=O)CCCCCCC/C=C\C/C=C\CCCC)[C@]([H])(OC(CCCCCCC/C=C\CCCCCCC)=O)COC(CCCCCCC/C=C\CCCCCCC)=O
TG(52:2),C(OC(=O)CCCCCCCCCCCCCCCCC)[C@]([H])(OC(CCCCCCC/C=C\C/C=C\CCCC)=O)COC(CCCCCCCCCCCCCCCC)=O
TG(52:3),C(OC(=O)CCCCCCC/C=C\CCCCCCCC)[C@]([H])(OC(CCCCCCC/C=C\C/C=C\CCCC)=O)COC(CCCCCCCCCCCCCCCC)=O
TG(52:4),C(OC(=O)CCCCCCC/C=C\C/C=C\CCCCC)[C@]([H])(OC(CCCCCCC/C=C\C/C=C\CCCC)=O)COC(CCCCCCCCCCCCCCCC)=O
TG(53:2),"C(OC(=O)CCCCCCCCCCCCCCCCCC)[C@]([H])(OC(CCCCCCC/C=C\CCCCCCC)=O)COC(CCCCCCC/C=C\CCCCCCC)=O
"
TG(53:3),C(OC(=O)CCCC/C=C\C/C=C\C/C=C\CCCCC)[C@]([H])(OC(CCCCCCCCCCCCCCCCC)=O)COC(CCCCCCCCCCCCCCCC)=O
TG(53:4),C(OC(=O)CCCCCCCCCCCCCCCCCC)[C@]([H])(OC(CCCCCCC/C=C\C/C=C\CCCC)=O)COC(CCCCCCC/C=C\C/C=C\CCCC)=O
TG(53:5),C(OC(=O)CCCCCCC/C=C\CCCCCCCCC)[C@]([H])(OC(CCCCCCC/C=C\C/C=C\CCCC)=O)COC(CCCCCCC/C=C\C/C=C\CCCC)=O
TG(54:1),C(OC(=O)CCCCCCCCCCCCCCCCCC)[C@]([H])(OC(CCCCCCC/C=C\CCCCCCCC)=O)COC(CCCCCCCCCCCCCCCC)=O
TG(54:2),C(OC(=O)CCCCCCCCCCCCCCCCCCC)[C@]([H])(OC(CCCCCCC/C=C\CCCCCCC)=O)COC(CCCCCCC/C=C\CCCCCCC)=O
TG(54:4),C(OC(=O)CCCCCCCCC/C=C\C/C=C\CCCCC)[C@]([H])(OC(CCCCCCCCC/C=C\C/C=C\CCCCC)=O)COC(CCCCCCCCCCCCC)=O
TG(54:5)_A,C(OC(=O)CCCCCCCCC/C=C\CCCCCCCC)[C@]([H])(OC(CCCCC/C=C\C/C=C\CCCCCC)=O)COC(CCCCCCC/C=C\C/C=C\CCCC)=O
TG(54:5)_B,C(OC(=O)CCCCCCCCC/C=C\CCCCCCCC)[C@]([H])(OC(CCCCCCC/C=C\C/C=C\CCCC)=O)COC(CCCCCCC/C=C\C/C=C\CCCC)=O
TG(54:6),C(OC(=O)CCC/C=C\C/C=C\C/C=C\C/C=C\C/C=C\CC)[C@]([H])(OC(CCCCCCC/C=C\CCCCCCC)=O)COC(CCCCCCCCCCCCCCCC)=O
TG(55:2),C(OC(=O)CCCCCCCCCCCCCCCCCCCC)[C@]([H])(OC(CCCCCCC/C=C\CCCCCCC)=O)COC(CCCCCCC/C=C\CCCCCCC)=O
TG(56:7)_A,C(OC(=O)CCCCCCC/C=C\CCCCCCCCCC)[C@]([H])(OC(CCCC/C=C\C/C=C\C/C=C\CCCCC)=O)COC(CCCC/C=C\C/C=C\C/C=C\CCCCC)=O
TG(56:8)_B,C(OC(=O)CCCCCCCCC/C=C\C/C=C\CCCCC)[C@]([H])(OC(CCCC/C=C\C/C=C\C/C=C\CCCCC)=O)COC(CCCC/C=C\C/C=C\C/C=C\CCCCC)=O
TG(58:12),C(OC(=O)CCCCC/C=C\C/C=C\C/C=C\C/C=C\CCCCC)[C@]([H])(OC(CCCC/C=C\C/C=C\C/C=C\C/C=C\CC)=O)COC(CCCC/C=C\C/C=C\C/C=C\C/C=C\CC)=O
TG(58:2),C(OC(=O)CCCCCCCCCCCCCCCCCCC)[C@]([H])(OC(CCCCCCC/C=C\CCCCCCCCC)=O)COC(CCCCCCC/C=C\CCCCCCCCC)=O
TG(58:6),C(OC(=O)CCCCCCCC/C=C\C/C=C\C/C=C\CCCCC)[C@]([H])(OC(CCCCCCC/C=C\CCCCCCCCC)=O)COC(CCCCCCC/C=C\C/C=C\CCCC)=O
TG(60:13),C(OC(=O)CCC/C=C\C/C=C\C/C=C\C/C=C\C/C=C\CC)[C@]([H])(OC(CCC/C=C\C/C=C\C/C=C\C/C=C\CCCCC)=O)COC(CCC/C=C\C/C=C\C/C=C\C/C=C\CCCCC)=O
CE(20:3),C(/C/C=C\C/C=C\CCCCC)=C/CCCCCCC(O[C@@H]1CC2=CC[C@@]3([H])[C@]4([H])CC[C@]([H])([C@]([H])(C)CCCC(C)C)[C@@]4(C)CC[C@]3([H])[C@@]2(C)CC1)=O
CE(20:4),C(/C/C=C\C/C=C\CCCCC)=C/C/C=C\CCCC(O[C@@H]1CC2=CC[C@@]3([H])[C@]4([H])CC[C@]([H])([C@]([H])(C)CCCC(C)C)[C@@]4(C)CC[C@]3([H])[C@@]2(C)CC1)=O
CE(20:5),C(/C/C=C\C/C=C\C/C=C\CC)=C/C/C=C\CCCC(O[C@@H]1CC2=CC[C@@]3([H])[C@]4([H])CC[C@]([H])([C@]([H])(C)CCCC(C)C)[C@@]4(C)CC[C@]3([H])[C@@]2(C)CC1)=O
CE(22:6),C(=C/C/C=C\C/C=C\C/C=C\C/C=C\CC)/C/C=C\CCC(O[C@@H]1CC2=CC[C@@]3([H])[C@]4([H])CC[C@]([H])([C@]([H])(C)CCCC(C)C)[C@@]4(C)CC[C@]3([H])[C@@]2(C)CC1)=O
PC(17:0_0:0),[C@](COP(=O)([O-])OCC[N+](C)(C)C)([H])(O)COC(CCCCCCCCCCCCCCCC)=O
PC(17:0_18:1)_A,[C@](COP(=O)([O-])OCC[N+](C)(C)C)([H])(OC(CCCCCCCCCCCCCC)=O)COC(CCCCCCC/C=C\CCCCCCCCCC)=O
PC(22:6_0:0),[C@](COP(=O)([O-])OCC[N+](C)(C)C)([H])(O)COC(CC/C=C\C/C=C\C/C=C\C/C=C\C/C=C\C/C=C\CC)=O
PC(O-16:0_0:0);PC(O-8:0_O-8:0),[C@](COP(=O)([O-])OCC[N+](C)(C)C)([H])(O)COCCCCCCCCCCCCCCCC
PC(O-16:0_18:1),[C@](COP(=O)([O-])OCC[N+](C)(C)C)([H])(OC(CCCCCCC/C=C\CCCCCCCC)=O)COCCCCCCCCCCCCCCCC
PC(O-16:0_18:2),[C@](COP(=O)([O-])OCC[N+](C)(C)C)([H])(OC(CCCCCCC/C=C\C/C=C\CCCCC)=O)COCCCCCCCCCCCCCCCC
PC(O-16:0_20:3),[C@](COP(=O)([O-])OCC[N+](C)(C)C)([H])(OC(CCCCCC/C=C\C/C=C\C/C=C\CCCCC)=O)COCCCCCCCCCCCCCCCC
PC(O-16:0_20:4),[C@](COP(=O)([O-])OCC[N+](C)(C)C)([H])(OC(CCCCCC/C=C\C/C=C\C/C=C\C/C=C\CC)=O)COCCCCCCCCCCCCCCCC
PC(O-16:0_22:4),[C@](COP(=O)([O-])OCC[N+](C)(C)C)([H])(OC(CCCCC/C=C\C/C=C\C/C=C\C/C=C\CCCCC)=O)COCCCCCCCCCCCCCCCC
PC(O-18:0_0:0),[C@](COP(=O)([O-])OCC[N+](C)(C)C)([H])(O)COCCCCCCCCCCCCCCCCCC
PC(O-18:0_18:2),[C@](COP(=O)([O-])OCC[N+](C)(C)C)([H])(OC(CCCCCCC/C=C\C/C=C\CCCCC)=O)COCCCCCCCCCCCCCCCCCC
PC(O-18:0_20:3),[C@](COP(=O)([O-])OCC[N+](C)(C)C)([H])(OC(CCCCCC/C=C\C/C=C\C/C=C\CCCCC)=O)COCCCCCCCCCCCCCCCCCC
PC(O-18:0_20:4),[C@](COP(=O)([O-])OCC[N+](C)(C)C)([H])(OC(CCCCCC/C=C\C/C=C\C/C=C\C/C=C\CC)=O)COCCCCCCCCCCCCCCCCCC
PC(O-18:0_22:5),[C@](COP(=O)([O-])OCC[N+](C)(C)C)([H])(OC(CC/C=C\C/C=C\C/C=C\C/C=C\C/C=C\CCCCC)=O)COCCCCCCCCCCCCCCCCCC
PC(O-18:0_22:6),[C@](COP(=O)([O-])OCC[N+](C)(C)C)([H])(OC(CC/C=C\C/C=C\C/C=C\C/C=C\C/C=C\C/C=C\CC)=O)COCCCCCCCCCCCCCCCCCC
PC(O-18:1_0:0),[C@](COP(=O)([O-])OCC[N+](C)(C)C)([H])(O)COCCCCCCCCCC/C=C\CCCCCC
PC(O-18:1_18:2),[C@](COP(=O)([O-])OCC[N+](C)(C)C)([H])(OC(CCCCCCC/C=C\C/C=C\CCCCC)=O)COCCCCCCCC/C=C\CCCCCCCC
PC(O-18:1_20:4),[C@](COP(=O)([O-])OCC[N+](C)(C)C)([H])(OC(CCC/C=C\C/C=C\C/C=C\C/C=C\CCCCC)=O)COCCCCCCCC/C=C\CCCCCCCC
PC(O-20:0_20:4),[C@](COP(=O)([O-])OCC[N+](C)(C)C)([H])(OC(CCCCCC/C=C\C/C=C\C/C=C\C/C=C\CC)=O)COCCCCCCCCCCCCCCCCCCCC
PC(P-16:0_16:0),[C@](COP(=O)([O-])OCC[N+](C)(C)C)([H])(OC(CCCCCCCCCCCCCCC)=O)CO/C=C\CCCCCCCCCCCCCC
PC(P-16:0_18:2),[C@](COP(=O)([O-])OCC[N+](C)(C)C)([H])(OC(CCCCCCC/C=C\C/C=C\CCCCC)=O)CO/C=C\CCCCCCCCCCCCCC
PC(P-16:0_20:4),[C@](COP(=O)([O-])OCC[N+](C)(C)C)([H])(OC(CCC/C=C\C/C=C\C/C=C\C/C=C\CCCCC)=O)CO/C=C\CCCCCCCCCCCCCC
PC(P-16:0_20:5),[C@](COP(=O)([O-])OCC[N+](C)(C)C)([H])(OC(CCC/C=C\C/C=C\C/C=C\C/C=C\C/C=C\CC)=O)CO/C=C\CCCCCCCCCCCCCC
PC(P-16:0_22:6),[C@](COP(=O)([O-])OCC[N+](C)(C)C)([H])(OC(CC/C=C\C/C=C\C/C=C\C/C=C\C/C=C\C/C=C\CC)=O)CO/C=C\CCCCCCCCCCCCCC
PC(P-18:0_20:4),[C@](COP(=O)([O-])OCC[N+](C)(C)C)([H])(OC(CCC/C=C\C/C=C\C/C=C\C/C=C\CCCCC)=O)CO/C=C\CCCCCCCCCCCCCCCC
PC(P-18:0_22:6),[C@](COP(=O)([O-])OCC[N+](C)(C)C)([H])(OC(C/C=C\C/C=C\C/C=C\C/C=C\C/C=C\C/C=C\CCC)=O)CO/C=C\CCCCCCCCCCCCCCCC
PE(P-16:0_20:4),[C@](COP(=O)(O)OCCN)([H])(OC(CCC/C=C\C/C=C\C/C=C\C/C=C\CCCCC)=O)CO/C=C\CCCCCCCCCCCCCC
PE(P-16:0_20:5),[C@](COP(=O)(O)OCCN)([H])(OC(CCC/C=C\C/C=C\C/C=C\C/C=C\C/C=C\CC)=O)CO/C=C\CCCCCCCCCCCCCC
PE(P-18:0_18:1),[C@](COP(=O)(O)OCCN)([H])(OC(CCCCCCC/C=C\CCCCCCCC)=O)CO/C=C\CCCCCCCCCCCCCCCC
PE(P-18:0_18:2),[C@](COP(=O)(O)OCCN)([H])(OC(CCCCC/C=C\C/C=C\CCCCCCC)=O)CO/C=C\CCCCCCCCCCCCCCCC
PE(P-18:0_20:5),[C@](COP(=O)(O)OCCN)([H])(OC(CCC/C=C\C/C=C\C/C=C\C/C=C\C/C=C\CC)=O)CO/C=C\CCCCCCCCCCCCCCCC
PE(P-18:0_22:6),[C@](COP(=O)(O)OCCN)([H])(OC(CC/C=C\C/C=C\C/C=C\C/C=C\C/C=C\C/C=C\CC)=O)CO/C=C\CCCCCCCCCCCCCCCC
PE(P-18:1_22:6),[C@](COP(=O)(O)OCCN)([H])(OC(CC/C=C\C/C=C\C/C=C\C/C=C\C/C=C\C/C=C\CC)=O)CO/C=C\CCCCCC/C=C\CCCCCCCC
PE(P-34:1),[C@](COP(=O)(O)OCCN)([H])(OC(CCCCCCC/C=C\CCCCCCCC)=O)CO/C=C\CCCCCCCCCCCCCC
PI(18:1_18:2)_A,[C@]([H])(OC(CCCCCCC/C=C\CCCCCCCC)=O)(COP(=O)(O)O[C@@H]1C(O)[C@H](O)C(O)C(O)C1O)COC(CCCCCCC/C=C\C/C=C\CCCCC)=O
SM(d16:1_16:0),[C@](COP(=O)([O-])OCC[N+](C)(C)C)([H])(NC(CCCCCCCCCCCCCCC)=O)[C@]([H])(O)/C=C/CCCCCCCCCCC
SM(d16:1_22:0),[C@](COP(=O)([O-])OCC[N+](C)(C)C)([H])(NC(CCCCCCCCCCCCCCCCCCCCC)=O)[C@]([H])(O)/C=C/CCCCCCCCCCC
SM(d16:1_24:1),[C@](COP(=O)([O-])OCC[N+](C)(C)C)([H])(NC(CCCCCCCCCCC/C=C\CCCCCCCCCC)=O)[C@]([H])(O)/C=C/CCCCCCCCCCC
SM(d18:1_16:0)_A,[C@](COP(=O)([O-])OCC[N+](C)(C)C)([H])(NC(CCCCCCCCCCCCCCC)=O)[C@]([H])(O)/C=C\CCCCCCCCCCCCC
SM(d18:1_18:0);SM(d16:1_20:0),[C@](COP(=O)([O-])OCC[N+](C)(C)C)([H])(NC(CCCCCCCCCCCCCCCCCCC)=O)[C@]([H])(O)/C=C/CCCCCCCCCCC
SM(d18:1_22:0),[C@](COP(=O)([O-])OCC[N+](C)(C)C)([H])(NC(CCCCCCCCCCCCCCCCCCCCC)=O)[C@]([H])(O)/C=C/CCCCCCCCCCCCC
SM(d18:1_23:0),[C@](COP(=O)([O-])OCC[N+](C)(C)C)([H])(NC(CCCCCCCCCCCCCCCCCCCCCC)=O)[C@]([H])(O)/C=C/CCCCCCCCCCCCC
SM(d18:2_14:0),[C@](COP(=O)([O-])OCC[N+](C)(C)C)([H])(NC(CCCCCCCCCCCCC)=O)[C@]([H])(O)/C=C/CCCCCCCC/C=C\CCC
SM(d18:2_16:0)_A,[C@](COP(=O)([O-])OCC[N+](C)(C)C)([H])(NC(CCCCCCCCCCCCCCC)=O)[C@]([H])(O)/C=C/CCCCCCC/C=C\CCCC
SM(d18:2_16:0)_B,[C@](COP(=O)([O-])OCC[N+](C)(C)C)([H])(NC(CCCCCCCCCCCCCCC)=O)[C@]([H])(O)/C=C/CCCCCCCC/C=C\CCC
SM(d18:2_18:0),[C@](COP(=O)([O-])OCC[N+](C)(C)C)([H])(NC(CCCCCCCCCCCCCCCCC)=O)[C@]([H])(O)/C=C/CCCCCCCC/C=C\CCC
SM(d18:2_18:1),[C@](COP(=O)([O-])OCC[N+](C)(C)C)([H])(NC(CCCCCCC/C=C\CCCCCCCC)=O)[C@]([H])(O)/C=C/CCCCCCCC/C=C\CCC
SM(d18:2_20:0),[C@](COP(=O)([O-])OCC[N+](C)(C)C)([H])(NC(CCCCCCCCCCCCCCCCCCC)=O)[C@]([H])(O)/C=C/CCCCCCCC/C=C\CCC
SM(d18:2_22:0),[C@](COP(=O)([O-])OCC[N+](C)(C)C)([H])(NC(CCCCCCCCCCCCCCCCCCCCC)=O)[C@]([H])(O)/C=C/CCCCCC/C=C\CCCCC
SM(d19:1_18:0),[C@](COP(=O)([O-])OCC[N+](C)(C)C)([H])(NC(CCCCCCCCCCCCCCCCC)=O)[C@]([H])(O)/C=C/CCCCCCCCCCCCCC
TG(52:5),C(OC(=O)CCCC/C=C\C/C=C\C/C=C\CCCCC)[C@]([H])(OC(CCCCCCC/C=C\CCCCCCC)=O)COC(CCCCCCC/C=C\CCCCCCC)=O
TG(52:6),C(OC(=O)CCCCCCCC/C=C\C/C=C\C/C=C\CCCCC)[C@]([H])(OC(CCCC/C=C\C/C=C\C/C=C\CCCCC)=O)COC(CCCCCCCCCCC)=O
TG(53:1),C(OC(=O)CCCCCCC/C=C\CCCCCCCCC)[C@]([H])(OC(CCCCCCCCCCCCCCCC)=O)COC(CCCCCCCCCCCCCCCC)=O
TG(54:3),C(OC(=O)CCCCCCCCCCCCCCCCCC)[C@]([H])(OC(CCCC/C=C\C/C=C\C/C=C\CCCCC)=O)COC(CCCCCCCCCCCCCCCC)=O
TG(55:3),C(OC(=O)CCCCCCC/C=C\CCCCCCCCC)[C@]([H])(OC(CCCCCCC/C=C\CCCCCCCC)=O)COC(CCCCCCC/C=C\CCCCCCCC)=O
TG(56:1),C(OC(=O)CCCCCCCCC/C=C\C/C=C\CCCCC)[C@]([H])(OC(CCCC/C=C\C/C=C\C/C=C\C/C=C\CC)=O)COC(CCCC/C=C\C/C=C\C/C=C\C/C=C\CC)=O
TG(56:2),C(OC(=O)CCCCCCCCCCCCCCCCCCCCC)[C@]([H])(OC(CCCCCCC/C=C\CCCCCCC)=O)COC(CCCCCCC/C=C\CCCCCCC)=O
TG(56:3),C(OC(=O)CCCCCCCCC/C=C\CCCCCCCCCC)[C@]([H])(OC(CCCCCCC/C=C\CCCCCCC)=O)COC(CCCCCCC/C=C\CCCCCCC)=O
TG(56:4),C(OC(=O)CCCCCC/C=C\C/C=C\C/C=C\CCCCC)[C@]([H])(OC(CCCCCCC/C=C\CCCCCCCCC)=O)COC(CCCCCCCCCCCCCCCC)=O
TG(56:6),C(OC(=O)CCCCCCCCCCCCCCCCCCC)[C@]([H])(OC(CCCC/C=C\C/C=C\C/C=C\CCCCC)=O)COC(CCCC/C=C\C/C=C\C/C=C\CCCCC)=O
TG(60:11),C(OC(=O)CC/C=C\C/C=C\C/C=C\C/C=C\C/C=C\C/C=C\CC)[C@]([H])(OC(CCCCCCCCC/C=C\CCCCCCCC)=O)COC(CCCC/C=C\C/C=C\C/C=C\C/C=C\CC)=O
TG(60:12),C(OC(=O)CC/C=C\C/C=C\C/C=C\C/C=C\C/C=C\C/C=C\CC)[C@]([H])(OC(CCCCCC/C=C\C/C=C\C/C=C\CCCCC)=O)COC(CCCC/C=C\C/C=C\C/C=C\CCCCC)=O
